{
    "month": "10-2023",
    "average_positive": 0.804512,
    "average_negative": 0.093612,
    "average_neutral": 0.097932
}