{
    "month": "11-2023",
    "average_positive": 0.801357,
    "average_negative": 0.093421,
    "average_neutral": 0.097456
}