{
    "month": "12-2023",
    "average_positive": 0.803289,
    "average_negative": 0.092831,
    "average_neutral": 0.097682
}