{
    "month": "1-2024",
    "average_positive": 0.798912,
    "average_negative": 0.092789,
    "average_neutral": 0.097832
}