{
    "month": "2-2024",
    "average_positive": 0.800125,
    "average_negative": 0.092561,
    "average_neutral": 0.098361
}