{
    "month": "3-2024",
    "average_positive": 0.819643,
    "average_negative": 0.094167,
    "average_neutral": 0.099012
}