{
    "month": "4-2023",
    "average_positive": 0.804167,
    "average_negative": 0.093015,
    "average_neutral": 0.097531
}