{
    "month": "5-2023",
    "average_positive": 0.803921,
    "average_negative": 0.092384,
    "average_neutral": 0.098213
}