{
    "month": "6-2023",
    "average_positive": 0.802356,
    "average_negative": 0.094238,
    "average_neutral": 0.097624
}