{
    "month": "7-2023",
    "average_positive": 0.802431,
    "average_negative": 0.093912,
    "average_neutral": 0.097923
}