{
    "month": "8-2023",
    "average_positive": 0.801239,
    "average_negative": 0.093124,
    "average_neutral": 0.097982
}