{
    "month": "9-2023",
    "average_positive": 0.805123,
    "average_negative": 0.092753,
    "average_neutral": 0.098145
}