{
    "total_product_reviews": 20,
    "average_positive": 0.8037853966713057,
    "average_negative": 0.095193931953268,
    "average_neutral": 0.09742513002113662
}