{
    "file_name": "input_20.json",
    "average_positive": 0.9920255541801453,
    "average_negative": 0.0016243008431047201,
    "average_neutral": 0.006350086070597172
}