{
    "file_name": "input_3.json",
    "average_positive": 0.992931604385376,
    "average_negative": 0.0018554400885477662,
    "average_neutral": 0.005212998948991299
}