{
    "file_name": "input.json",
    "average_positive": 0.9872046709060669,
    "average_negative": 0.003788774600252509,
    "average_neutral": 0.009006624110043049
}