{
    "file_name": "input_17.json",
    "average_positive": 0.07671651989221573,
    "average_negative": 0.27715709805488586,
    "average_neutral": 0.6461263298988342
}