{
    "file_name": "input_13.json",
    "average_positive": 0.9929516911506653,
    "average_negative": 0.0018313125474378467,
    "average_neutral": 0.005216956604272127
}