{
    "file_name": "input_16.json",
    "average_positive": 0.360687792301178,
    "average_negative": 0.21788734197616577,
    "average_neutral": 0.42142486572265625
}