{
    "file_name": "input_15.json",
    "average_positive": 0.5306688547134399,
    "average_negative": 0.02815299853682518,
    "average_neutral": 0.0819161934411781728267669763899988
}