{
    "file_name": "input.json",
    "average_positive": 0.91958087682724,
    "average_negative": 0.007941917516291142,
    "average_neutral": 0.07247722148895264
}