{
    "file_name": "input_18.json",
    "average_positive": 0.9912092685699463,
    "average_negative": 0.00214094459079206,
    "average_neutral": 0.006649766117334366
}