{
    "file_name": "input_4.json",
    "average_positive": 0.00610581086948514,
    "average_negative": 0.9832445383071899,
    "average_neutral": 0.010649672709405422
}