{
    "file_name": "input_14.json",
    "average_positive": 0.7249405288152517,
    "average_negative": 0.14098561401929585,
    "average_neutral": 0.42142486572265625
}